"Work Item Type","Title 1","Title 2","Title 3","Description","Acceptance Criteria","Tags"
"Epic","Clinic Front-Desk Operations Platform","","","","",""
"Feature","","M1: Accounts & Access","","<p>practice manager creates staff accounts with roles; receptionists look up patients in the records system and invite them; role-scoped permissions are enforced everywhere.</p>","",""
"User Story","","","REQ-027 A receptionist creates a patient account only by looking the patient up in the clinic's existing patient records system...","<p>A receptionist creates a patient account only by looking the patient up in the clinic's existing patient records system and sending a password-setup invitation; patients cannot self-register; if no match is found, no account is created.</p><p>Approved sources: DEC-026, BR-05</p>","<ul><li>Given a receptionist finds a matching patient in the records system, a password-setup invitation is sent to that patient (pass) / none is sent (fail).</li><li>No self-registration entry point exists in the product (pass) / one exists (fail).</li><li>Given a records-system search returns no match, the account-creation action is unavailable and no local account is created (pass) / one is created anyway (fail).</li></ul>","REQ-027; DEC-026; BR-05"
"User Story","","","REQ-028 The system reads patient name and contact details from the clinic's existing patient records system for display only...","<p>The system reads patient name and contact details from the clinic's existing patient records system for display only, and never writes to that system.</p><p>Approved sources: DEC-042, DEC-041</p>","<ul><li>Given a patient record is displayed, the name and contact details match the records-system source (pass) / they diverge without an update (fail).</li><li>No product action results in a write, update, or delete call to the patient records system (pass) / one occurs (fail).</li></ul>","REQ-028; DEC-042; DEC-041"
"User Story","","","REQ-029 Staff accounts, across all five staff roles, are created only by the practice manager","<p>Staff accounts, across all five staff roles, are created only by the practice manager; no other role or automated source creates them.</p><p>Approved sources: DEC-027</p>","<ul><li>Given a practice manager creates a staff account with an assigned role, that account can log in with that role's permissions (pass) / a non-practice-manager role can create a staff account (fail).</li></ul>","REQ-029; DEC-027"
"User Story","","","REQ-030 The system enforces role-scoped access: patients see only their own appointments and forms","<p>The system enforces role-scoped access: patients see only their own appointments and forms; receptionists see the full day schedule but not clinical notes or billing codes; nurses see only today's checked-in patients and cannot book; clinicians see only their own schedule and their own patients' intake forms; the billing clerk sees only completed visits and summary codes, never intake content; the practice manager sees all schedules and reports but records no clinical information.</p><p>Approved sources: DEC-028, DEC-036, DEC-037, DEC-038</p>","<ul><li>Given a patient attempts to view another patient's appointment or form, access is denied (pass) / granted (fail).</li><li>Given a receptionist attempts to view intake form contents or change a billing code, the action is denied (pass) / it succeeds (fail).</li><li>Given a clinician attempts to view another clinician's intake forms, access is denied (pass) / granted (fail).</li><li>Given the billing clerk attempts to view intake form contents, access is denied (pass) / granted (fail).</li><li>No control for recording clinical information is available to the practice manager role (pass) / one exists (fail).</li></ul>","REQ-030; DEC-028; DEC-036; DEC-037; DEC-038"
"Feature","","M2: Core Scheduling & Configuration","","<p>practice manager configures hours, rooms, types, durations, and summary codes; patients and receptionists book, reschedule, and cancel with room/clinician double-booking prevented.</p>","",""
"User Story","","","REQ-001 Patients can book an appointment by selecting an appointment type","<p>Patients can book an appointment by selecting an appointment type; the system assigns an available clinician and room, and the slot becomes unavailable to other patients immediately on booking.</p><p>Approved sources: DEC-001</p>","<ul><li>Given an appointment type with an available clinician+room+time combination, when a patient submits a booking, the system creates the appointment and that slot is no longer offered to other patients (pass) / the slot remains bookable by another patient (fail).</li><li>Given no slot matches the requested type, the patient cannot submit a booking for it (pass) / a conflicting booking is created (fail).</li></ul>","REQ-001; DEC-001"
"User Story","","","REQ-002 Patients can reschedule or cancel only their own appointment, and only before a practice-manager-configured cutoff time","<p>Patients can reschedule or cancel only their own appointment, and only before a practice-manager-configured cutoff time.</p><p>Approved sources: DEC-002, DEC-036</p>","<ul><li>Given the current time is before the cutoff, a patient can reschedule or cancel their own appointment (pass) / the action is blocked (fail).</li><li>Given the current time is at or after the cutoff, reschedule/cancel controls are unavailable to the patient (pass) / the change still succeeds (fail).</li><li>A patient cannot reschedule or cancel another patient's appointment (pass) / another patient's appointment is editable (fail).</li><li>Given the practice manager edits the cutoff time, the new value applies to future reschedule/cancel eligibility checks (pass) / the previous cutoff value continues to apply (fail).</li></ul>","REQ-002; DEC-002; DEC-036"
"User Story","","","REQ-003 Receptionists can book, reschedule, and cancel an appointment on behalf of any patient, at any time, with no cutoff...","<p>Receptionists can book, reschedule, and cancel an appointment on behalf of any patient, at any time, with no cutoff restriction.</p><p>Approved sources: DEC-003</p>","<ul><li>Given any time relative to an appointment, a receptionist can reschedule or cancel it (pass) / the cutoff blocks the receptionist (fail).</li><li>A receptionist can create a new booking for any looked-up patient (pass) / booking on behalf of a patient is unavailable (fail).</li></ul>","REQ-003; DEC-003"
"User Story","","","REQ-017 The practice manager configures clinic hours, rooms, appointment types, appointment durations, and the fixed list of...","<p>The practice manager configures clinic hours, rooms, appointment types, appointment durations, and the fixed list of visit summary codes; only the practice manager role can edit these.</p><p>Approved sources: DEC-015, DEC-047</p>","<ul><li>Given a practice manager adds, edits, or removes a room, type, duration, or summary code, the change is reflected immediately in booking and completion screens (pass) / stale values persist (fail).</li><li>No other role has access to these configuration controls (pass) / another role can edit them (fail).</li><li>Given a practice manager edits clinic hours, the new hours apply to future booking availability (pass) / the previous hours still apply (fail).</li></ul>","REQ-017; DEC-015; DEC-047"
"User Story","","","REQ-018 The system never permits two appointments to hold the same room at overlapping times, and every schedule view shows...","<p>The system never permits two appointments to hold the same room at overlapping times, and every schedule view shows each appointment's assigned room.</p><p>Approved sources: DEC-016, DEC-035</p>","<ul><li>Given a room is booked for a time range, a second booking for that room in an overlapping range is rejected (pass) / it succeeds (fail).</li><li>Every appointment entry in schedule views shows its assigned room (pass) / the room is missing (fail).</li></ul>","REQ-018; DEC-016; DEC-035"
"User Story","","","REQ-019 The system never permits a clinician to hold two appointments with overlapping times","<p>The system never permits a clinician to hold two appointments with overlapping times.</p><p>Approved sources: DEC-017, DEC-035</p>","<ul><li>Given a clinician is booked for a time range, a second booking for that clinician in an overlapping range is rejected (pass) / it succeeds (fail).</li></ul>","REQ-019; DEC-017; DEC-035"
"User Story","","","REQ-023 The system blocks removal or deactivation of a room, appointment type, or clinician that has future appointments, until...","<p>The system blocks removal or deactivation of a room, appointment type, or clinician that has future appointments, until those appointments are moved or cancelled.</p><p>Approved sources: DEC-021</p>","<ul><li>Given a room, type, or clinician has a future appointment, a removal/deactivation attempt is rejected and the future appointments are identified (pass) / removal succeeds anyway (fail).</li><li>Given all future appointments for that entity are moved or cancelled, the removal/deactivation attempt then succeeds (pass) / it remains blocked (fail).</li></ul>","REQ-023; DEC-021"
"Feature","","M3: Reminders & Confirmations","","<p>automated reminders send with confirm/cancel links; patients receive confirmations for booking, move, and cancellation events.</p>","",""
"User Story","","","REQ-004 The system sends an automated text and email reminder before each appointment, at an interval the practice manager...","<p>The system sends an automated text and email reminder before each appointment, at an interval the practice manager configures, through the clinic's existing messaging service, and records whether each reminder was sent.</p><p>Approved sources: DEC-004, DEC-043</p>","<ul><li>Given the configured interval, both a text and an email reminder are sent that far ahead of each appointment (pass) / no reminder is sent (fail).</li><li>Every reminder send attempt is recorded with a sent or not-sent status (pass) / no record exists (fail).</li><li>Given the practice manager edits the reminder interval, reminders for future appointments use the new interval (pass) / the previous interval still applies (fail).</li></ul>","REQ-004; DEC-004; DEC-043"
"User Story","","","REQ-005 Each reminder includes a unique confirm link and a unique cancel link","<p>Each reminder includes a unique confirm link and a unique cancel link; tapping either applies the patient's response to that appointment immediately.</p><p>Approved sources: DEC-005, BR-03</p>","<ul><li>Given a patient taps the confirm link, the appointment status updates to confirmed immediately (pass) / it remains unconfirmed (fail).</li><li>Given a patient taps the cancel link, the appointment is cancelled immediately and the slot becomes available (pass) / the appointment stays booked (fail).</li><li>A link cannot be used to affect a different patient's appointment (pass) / it does (fail).</li></ul>","REQ-005; DEC-005; BR-03"
"User Story","","","REQ-006 Patients receive a confirmation message through the messaging service whenever their appointment is booked, moved, or...","<p>Patients receive a confirmation message through the messaging service whenever their appointment is booked, moved, or cancelled, whether the action was taken by the patient or by staff.</p><p>Approved sources: DEC-025, DEC-043</p>","<ul><li>Given a receptionist reschedules a patient's appointment, the patient receives a confirmation reflecting the new time (pass) / no message is sent (fail).</li><li>Given any booking, reschedule, or cancellation event, a message send attempt is recorded (pass) / no record exists (fail).</li></ul>","REQ-006; DEC-025; DEC-043"
"Feature","","M4: Intake & Check-In","","<p>intake completes ahead of time or on the front-desk tablet; receptionists check patients in; nurses triage readiness; clinicians see readiness on their schedule.</p>","",""
"User Story","","","REQ-007 A patient completes an intake form before the visit, and each submitted form instance attaches to one specific...","<p>A patient completes an intake form before the visit, and each submitted form instance attaches to one specific appointment; a submitted form can never be deleted.</p><p>Approved sources: DEC-006, DEC-029, DEC-039</p>","<ul><li>Given a patient submits an intake form for an appointment, the form is retrievable from that appointment record (pass) / it is unlinked (fail).</li><li>A submitted intake form cannot be deleted by any user through the product (pass) / a delete action succeeds (fail).</li></ul>","REQ-007; DEC-006; DEC-029; DEC-039"
"User Story","","","REQ-008 If the intake form was not completed ahead of the visit, the patient completes it on a tablet at the front desk during...","<p>If the intake form was not completed ahead of the visit, the patient completes it on a tablet at the front desk during check-in, and the completed form attaches to that same appointment.</p><p>Approved sources: DEC-007, DEC-045</p>","<ul><li>Given an appointment with no submitted intake form at arrival, the check-in flow presents the intake form on the front-desk tablet (pass) / check-in proceeds without collecting it (fail).</li><li>The tablet intake screen fits a small touch-screen viewport with no horizontal scrolling of fields (pass) / fields overflow the viewport (fail).</li></ul>","REQ-008; DEC-007; DEC-045"
"User Story","","","REQ-009 A receptionist checks a patient in on arrival, and the checked-in patient appears on the nurse's list for that day","<p>A receptionist checks a patient in on arrival, and the checked-in patient appears on the nurse's list for that day.</p><p>Approved sources: DEC-008</p>","<ul><li>Given a receptionist marks a patient checked-in, the patient appears on the nurse's day list without manual refresh action (pass) / the patient does not appear (fail).</li><li>The nurse's list shows only today's checked-in patients (pass) / it shows other days' patients (fail).</li></ul>","REQ-009; DEC-008"
"User Story","","","REQ-010 A nurse can read a checked-in patient's intake form and mark that patient ready for the clinician","<p>A nurse can read a checked-in patient's intake form and mark that patient ready for the clinician; a nurse cannot book, reschedule, or cancel appointments.</p><p>Approved sources: DEC-009, DEC-028</p>","<ul><li>Given a nurse opens a checked-in patient's record, the submitted intake form content is viewable (pass) / it is hidden (fail).</li><li>Given a nurse marks a patient ready, that status appears on the assigned clinician's schedule (pass) / it does not propagate (fail).</li><li>No booking, reschedule, or cancel control is available to the nurse role (pass) / one is available (fail).</li></ul>","REQ-010; DEC-009; DEC-028"
"User Story","","","REQ-011 A clinician sees patient readiness status directly on their own daily schedule, and sees only their own appointments","<p>A clinician sees patient readiness status directly on their own daily schedule, and sees only their own appointments.</p><p>Approved sources: DEC-010, DEC-028</p>","<ul><li>Given a nurse marks a patient ready, the ready indicator appears on that clinician's schedule for that appointment (pass) / it does not appear (fail).</li><li>A clinician's schedule shows only appointments assigned to that clinician (pass) / it shows another clinician's appointments (fail).</li></ul>","REQ-011; DEC-010; DEC-028"
"Feature","","M5: Visit Completion & Billing","","<p>clinicians complete visits with a selected summary code; the code and date transmit automatically to billing; the billing clerk reviews and marks visits sent.</p>","",""
"User Story","","","REQ-012 A clinician marks a visit complete and, at that time, must select a visit summary code from the...","<p>A clinician marks a visit complete and, at that time, must select a visit summary code from the practice-manager-maintained fixed list; free-text entry is not offered.</p><p>Approved sources: DEC-011, DEC-047, BR-06</p>","<ul><li>Given a clinician completes a visit, completion requires selecting one code from the configured list first (pass) / completion succeeds with no code (fail).</li><li>The code selection control has no free-text entry field (pass) / a free-text field is present (fail).</li></ul>","REQ-012; DEC-011; DEC-047; BR-06"
"User Story","","","REQ-013 The moment a clinician marks a visit complete, the system automatically sends only the visit summary code and visit...","<p>The moment a clinician marks a visit complete, the system automatically sends only the visit summary code and visit date to the clinic's billing system and reads back only a receipt confirmation, with no intake content included.</p><p>Approved sources: DEC-044, DEC-040, BR-10</p>","<ul><li>Given a visit is marked complete, a transmission with only the code and date is sent to billing without manual clerk action (pass) / no transmission occurs until a clerk acts (fail).</li><li>Only a receipt confirmation is stored from the billing system's response (pass) / additional billing-system data is stored (fail).</li><li>No intake form content appears in the transmission (pass) / it does (fail).</li></ul>","REQ-013; DEC-044; DEC-040; BR-10"
"User Story","","","REQ-014 The billing clerk sees completed visits with their summary codes and dates only, never intake form contents, and can...","<p>The billing clerk sees completed visits with their summary codes and dates only, never intake form contents, and can manually mark each visit as sent to billing as a status separate from the automatic transmission.</p><p>Approved sources: DEC-012, DEC-028, DEC-037, BR-10</p>","<ul><li>A completed visit's entry for the billing clerk shows only date and summary code, no intake content (pass) / intake content is visible (fail).</li><li>Given the billing clerk marks a visit as sent to billing, that status is stored distinct from the automatic transmission status and does not alter or repeat it (pass) / it interferes with the automatic transmission (fail).</li></ul>","REQ-014; DEC-012; DEC-028; DEC-037; BR-10"
"User Story","","","REQ-032 Intake form contents are never included in any message sent through the messaging service or any data sent to the...","<p>Intake form contents are never included in any message sent through the messaging service or any data sent to the billing system.</p><p>Approved sources: DEC-040</p>","<ul><li>Given a reminder or confirmation message is generated, its content contains only scheduling information, never intake fields (pass) / intake data appears (fail).</li><li>Given a billing transmission is generated on visit completion, its payload contains only the summary code and date, never intake fields (pass) / intake data appears (fail).</li></ul>","REQ-032; DEC-040"
"Feature","","M6: No-Show & Absence Handling","","<p>grace-period no-shows and the rolling three-no-show flag apply automatically; clinician-absence cancellation and rebooking with intake carry-forward work end to end; late arrivals check in with a flag.</p>","",""
"User Story","","","REQ-015 A receptionist can mark a patient as a no-show only after a practice-manager-configured grace period has elapsed past...","<p>A receptionist can mark a patient as a no-show only after a practice-manager-configured grace period has elapsed past the appointment start time with no arrival recorded.</p><p>Approved sources: DEC-013</p>","<ul><li>Given the grace period has not elapsed, the no-show action is unavailable (pass) / it is available (fail).</li><li>Given the grace period has elapsed with no check-in, a receptionist can mark the appointment as a no-show (pass) / the action is blocked (fail).</li><li>Given the practice manager edits the grace period, future no-show eligibility checks use the new value (pass) / the previous grace period still applies (fail).</li></ul>","REQ-015; DEC-013"
"User Story","","","REQ-016 The system automatically flags a patient on the third no-show within a rolling six-month window and automatically lifts...","<p>The system automatically flags a patient on the third no-show within a rolling six-month window and automatically lifts the flag once fewer than three no-shows remain in that trailing window; while flagged, only a receptionist can create a new booking for that patient.</p><p>Approved sources: DEC-014, ASM-009, BR-12</p>","<ul><li>Given a patient's third no-show falls within the trailing six months, the flag is set without staff action (pass) / it requires a manual step (fail).</li><li>Given re-evaluation finds fewer than three no-shows in the trailing six months, the flag is removed automatically (pass) / it stays set (fail).</li><li>While flagged, a patient-initiated booking attempt is rejected and a receptionist-initiated booking still succeeds (pass) / the patient can self-book while flagged (fail).</li></ul>","REQ-016; DEC-014; ASM-009; BR-12"
"User Story","","","REQ-024 When a clinician is marked absent for a date range, the system blocks new bookings for that clinician's future slots in...","<p>When a clinician is marked absent for a date range, the system blocks new bookings for that clinician's future slots in the range, cancels existing affected appointments, presents the receptionist with the affected list to rebook, and copies each affected patient's already-submitted intake form onto the newly created appointment while leaving the original form unchanged on the cancelled appointment.</p><p>Approved sources: DEC-022, BR-02, BR-11, ASM-008</p>","<ul><li>Given a clinician is marked absent for a date range, no new booking can be created for that clinician in that range (pass) / one succeeds (fail).</li><li>Given existing appointments fall in that range, each is cancelled and listed for the receptionist to rebook (pass) / an affected appointment is left unresolved or unlisted (fail).</li><li>Given an affected appointment had a submitted intake form, the new appointment carries an editable copy of it while the original stays unchanged on the cancelled appointment (pass) / the new appointment has no form or the original is altered (fail).</li></ul>","REQ-024; DEC-022; BR-02; BR-11; ASM-008"
"User Story","","","REQ-025 A patient who arrives for an appointment cancelled due to clinician absence is told the appointment is no longer active...","<p>A patient who arrives for an appointment cancelled due to clinician absence is told the appointment is no longer active and is offered the next available slots to rebook, instead of being checked in.</p><p>Approved sources: DEC-023</p>","<ul><li>Given a patient arrives for a cancelled-due-to-absence appointment, the check-in screen shows an inactive-appointment message with next-available-slot options instead of a check-in confirmation (pass) / the patient is checked in normally (fail).</li></ul>","REQ-025; DEC-023"
"User Story","","","REQ-026 A patient who arrives after the no-show grace period, but before being marked no-show, can still be checked in, with...","<p>A patient who arrives after the no-show grace period, but before being marked no-show, can still be checked in, with the appointment flagged as late for the nurse and clinician.</p><p>Approved sources: DEC-024</p>","<ul><li>Given a patient arrives after the grace period but before a no-show mark, a receptionist can check the patient in (pass) / check-in is blocked (fail).</li><li>Given that check-in, a late flag is visible on both the nurse's list and the clinician's schedule for that appointment (pass) / the flag is missing from either view (fail).</li></ul>","REQ-026; DEC-024"
"Feature","","M7: Reporting & Audit","","<p>practice manager views the monthly per-clinician report and full audit log; staff deactivation preserves history; completed visits and intake forms are permanently retained.</p>","",""
"User Story","","","REQ-020 The practice manager can view an on-demand monthly report showing visits, cancellations, no-shows, and average wait...","<p>The practice manager can view an on-demand monthly report showing visits, cancellations, no-shows, and average wait between check-in and ready, broken down per clinician; the report is not emailed automatically.</p><p>Approved sources: DEC-018, ASM-004</p>","<ul><li>Given a selected month, the report displays all four metrics broken out per clinician (pass) / a metric or breakdown is missing (fail).</li><li>The report is viewed on demand inside the product (pass) / an automatic email is sent instead or as well (fail).</li></ul>","REQ-020; DEC-018; ASM-004"
"User Story","","","REQ-021 Every staff action on an appointment or intake form is logged with the acting user's identity and a timestamp, and log...","<p>Every staff action on an appointment or intake form is logged with the acting user's identity and a timestamp, and log entries cannot be edited or deleted through the product.</p><p>Approved sources: DEC-019</p>","<ul><li>Given a staff member books, reschedules, cancels, checks in, marks ready, completes a visit, or marks no-show, a log entry records the user identity and timestamp (pass) / no entry is created (fail).</li><li>No interface control allows editing or deleting a log entry (pass) / one exists (fail).</li></ul>","REQ-021; DEC-019"
"User Story","","","REQ-022 The practice manager can deactivate a staff account","<p>The practice manager can deactivate a staff account; deactivation blocks login but preserves that user's logged history of past actions.</p><p>Approved sources: DEC-020</p>","<ul><li>Given a practice manager deactivates a staff account, that account can no longer log in (pass) / login still succeeds (fail).</li><li>All prior logged actions by that user remain visible in audit records after deactivation (pass) / they disappear (fail).</li></ul>","REQ-022; DEC-020"
"User Story","","","REQ-031 No role, including the practice manager, can delete a completed visit record or a submitted intake form","<p>No role, including the practice manager, can delete a completed visit record or a submitted intake form.</p><p>Approved sources: DEC-029, DEC-039</p>","<ul><li>Given any role attempts to delete a completed visit, no delete control is available and the attempt fails (pass) / deletion succeeds (fail).</li><li>Given any role attempts to delete a submitted intake form, no delete control is available and the attempt fails (pass) / deletion succeeds (fail).</li></ul>","REQ-031; DEC-029; DEC-039"
"Feature","","M8: Calendar Integration & Tablet Optimization","","<p>appointment data writes one-way into the existing shared calendar; all front-desk and tablet screens operate on small touch-screen viewports.</p>","",""
"User Story","","","REQ-033 The system writes appointment scheduling data (patient name, time, duration, room, clinician, appointment type) into...","<p>The system writes appointment scheduling data (patient name, time, duration, room, clinician, appointment type) into the clinic's existing shared calendar one-way on create, reschedule, and cancel, never reads bookings back from it, and excludes intake content, summary codes, and billing information from the feed; this feed's pre-existing shared visibility across all clinicians is unaffected by in-product role permissions.</p><p>Approved sources: DEC-046, BR-01, BR-08, ASM-006, BR-09, ASM-007</p>","<ul><li>Given an appointment is created, rescheduled, or cancelled, the shared calendar entry reflects the change (pass) / it is not updated (fail).</li><li>The calendar write payload contains only patient name, time, duration, room, clinician, and appointment type (pass) / it contains intake, code, or billing data (fail).</li><li>No product action reads or imports a booking from the shared calendar (pass) / one is imported (fail).</li></ul>","REQ-033; DEC-046; BR-01; BR-08; ASM-006; BR-09; ASM-007"
"User Story","","","REQ-034 All front-desk and clinical staff screens used at the point of care (check-in, tablet intake, no-show marking) operate...","<p>All front-desk and clinical staff screens used at the point of care (check-in, tablet intake, no-show marking) operate correctly on small touch-screen tablets.</p><p>Approved sources: DEC-045</p>","<ul><li>Given the check-in and intake screens render on a small tablet touch-screen viewport, all controls are reachable and operable by touch with no horizontal scrolling (pass) / a control is unreachable or requires horizontal scroll (fail).</li></ul>","REQ-034; DEC-045"
